time,value
2019-Q4,100
2020-Q1,98.12275265
2020-Q2,87.89383837
2020-Q3,96.0800979
2020-Q4,97.06771861
2021-Q1,97.5075066
2021-Q2,98.98803698
2021-Q3,100.8749922
2021-Q4,101.9747034
2022-Q1,102.6680762
2022-Q2,103.3071465
2022-Q3,103.8962733
2022-Q4,104.4751642