time,value
2019-Q4,100
2020-Q1,98.3213383
2020-Q2,88.03430717
2020-Q3,96.3854148
2020-Q4,97.35576405
2021-Q1,98.1157293
2021-Q2,99.75999503
2021-Q3,100.8695685
2021-Q4,102.0669207
2022-Q1,102.2918105
2022-Q2,102.7043333
2022-Q3,103.1311534
2022-Q4,103.5799267
2023-Q1,103.9891231
2023-Q2,104.407008
2023-Q3,104.8182435
2023-Q4,105.2401091