time,value
2019-Q4,100
2020-Q1,100.4001812
2020-Q2,100.8153085
2020-Q3,101.2430536
2020-Q4,101.679221
2021-Q1,102.1115402
2021-Q2,102.544792
2021-Q3,102.9851485
2021-Q4,103.4305661